{"cameraMode":{"drawMode":0,"name":"Shaded","section":"Shading Mode"},"sceneLighting":true,"audioPlay":false,"sceneViewState":{"m_AlwaysRefresh":false,"showFog":true,"showSkybox":true,"showFlares":true,"showImageEffects":true,"showParticleSystems":true,"showVisualEffectGraphs":true,"m_FxEnabled":false},"in2DMode":false,"pivot":{"x":-0.16403818130493165,"y":0.8733330965042114,"z":-0.404311865568161},"rotation":{"x":0.008684849366545678,"y":-0.9708627462387085,"z":0.236967533826828,"w":0.03556191548705101},"size":0.985466718673706,"orthographic":false}